Train Loss,Test Loss,Train Accuracy,Test Accuracy
0.28605284779831197,0.2817944127066126,0.9183303085299456,0.953307392996109
0.27902444101829493,0.21884193720752626,0.9401088929219601,0.953307392996109
0.3053519021577714,0.20828004001643408,0.9401088929219601,0.953307392996109
0.2306434194643571,0.1841093554570981,0.941923774954628,0.953307392996109
0.18955197320497189,0.18234893685416953,0.9491833030852994,0.953307392996109
