Train Loss,Test Loss,Train Accuracy,Test Accuracy
0.2430912787246834,0.20067693182930407,0.9201451905626135,0.953307392996109
